{
    "Context Length: 32, D: 1": {
        "average": 0.7424400687217713,
        "median": 0.7296301126480103,
        "min": 0.6775944232940674,
        "max": 1.264110803604126,
        "std_dev": 0.06575590519330304
    },
    "Context Length: 32, D: 2": {
        "average": 0.746182918548584,
        "median": 0.7328100204467773,
        "min": 0.6963279247283936,
        "max": 0.8895134925842285,
        "std_dev": 0.048719508351013324
    },
    "Context Length: 32, D: 5": {
        "average": 0.9454757380485534,
        "median": 0.8803592920303345,
        "min": 0.791597843170166,
        "max": 1.7154407501220703,
        "std_dev": 0.17481182825345926
    },
    "Context Length: 32, D: 10": {
        "average": 1.0831818556785584,
        "median": 1.0702989101409912,
        "min": 1.0112648010253906,
        "max": 1.2137782573699951,
        "std_dev": 0.05315689556864462
    },
    "Context Length: 32, D: 20": {
        "average": 1.5905260753631592,
        "median": 1.559475302696228,
        "min": 1.491506576538086,
        "max": 1.8193433284759521,
        "std_dev": 0.07639279449810636
    },
    "Context Length: 32, D: 50": {
        "average": 3.220515003204346,
        "median": 3.2329553365707397,
        "min": 3.039943218231201,
        "max": 3.4082584381103516,
        "std_dev": 0.0838241740964963
    },
    "Context Length: 32, D: 100": {
        "average": 6.003137209415436,
        "median": 5.960888624191284,
        "min": 5.547905683517456,
        "max": 9.023020029067993,
        "std_dev": 0.3340122056665442
    },
    "Context Length: 64, D: 1": {
        "average": 0.7778486752510071,
        "median": 0.756624698638916,
        "min": 0.7294490337371826,
        "max": 0.9475774765014648,
        "std_dev": 0.04953498520490254
    },
    "Context Length: 64, D: 2": {
        "average": 0.7938523244857788,
        "median": 0.7697559595108032,
        "min": 0.7204601764678955,
        "max": 1.3103861808776855,
        "std_dev": 0.07293897013524688
    },
    "Context Length: 64, D: 5": {
        "average": 0.9785350179672241,
        "median": 0.9606878757476807,
        "min": 0.914792537689209,
        "max": 1.1325814723968506,
        "std_dev": 0.05221137030592884
    },
    "Context Length: 64, D: 10": {
        "average": 1.3289792227745056,
        "median": 1.3077903985977173,
        "min": 1.2210352420806885,
        "max": 1.5626628398895264,
        "std_dev": 0.07504719026660493
    },
    "Context Length: 64, D: 20": {
        "average": 2.1041630339622497,
        "median": 2.0914299488067627,
        "min": 1.955289602279663,
        "max": 2.300628185272217,
        "std_dev": 0.08326287856099884
    },
    "Context Length: 64, D: 50": {
        "average": 4.529150109291077,
        "median": 4.537122368812561,
        "min": 4.232601642608643,
        "max": 4.80047082901001,
        "std_dev": 0.08524867072753113
    },
    "Context Length: 64, D: 100": {
        "average": 8.563715970516204,
        "median": 8.539581060409546,
        "min": 8.250257015228271,
        "max": 9.246638536453247,
        "std_dev": 0.1511557259278729
    },
    "Context Length: 128, D: 1": {
        "average": 0.8014353394508362,
        "median": 0.7854328155517578,
        "min": 0.7506518363952637,
        "max": 1.0013792514801025,
        "std_dev": 0.04814634147598596
    },
    "Context Length: 128, D: 2": {
        "average": 0.853898754119873,
        "median": 0.8394734859466553,
        "min": 0.8009176254272461,
        "max": 0.9777493476867676,
        "std_dev": 0.04479137590404475
    },
    "Context Length: 128, D: 5": {
        "average": 1.2249252343177794,
        "median": 1.212135672569275,
        "min": 1.1432733535766602,
        "max": 1.38740873336792,
        "std_dev": 0.06167887305665522
    },
    "Context Length: 128, D: 10": {
        "average": 1.8375804972648622,
        "median": 1.823244333267212,
        "min": 1.7187929153442383,
        "max": 2.0364274978637695,
        "std_dev": 0.06498347262527059
    },
    "Context Length: 128, D: 20": {
        "average": 3.1314494681358336,
        "median": 3.130872130393982,
        "min": 2.9447262287139893,
        "max": 3.364121198654175,
        "std_dev": 0.08903979457277876
    },
    "Context Length: 128, D: 50": {
        "average": 7.1438454580307,
        "median": 7.138951778411865,
        "min": 6.8974199295043945,
        "max": 7.4771764278411865,
        "std_dev": 0.10911194489807545
    },
    "Context Length: 128, D: 100": {
        "average": 13.961584041118622,
        "median": 13.915015578269958,
        "min": 13.580828189849854,
        "max": 14.481605768203735,
        "std_dev": 0.2186362708443536
    },
    "Context Length: 256, D: 1": {
        "average": 0.854113004207611,
        "median": 0.8347876071929932,
        "min": 0.8006975650787354,
        "max": 1.0609827041625977,
        "std_dev": 0.05094767476336534
    },
    "Context Length: 256, D: 2": {
        "average": 1.0119240140914918,
        "median": 0.9937654733657837,
        "min": 0.948538064956665,
        "max": 1.1737070083618164,
        "std_dev": 0.053565333767959356
    },
    "Context Length: 256, D: 5": {
        "average": 1.723214168548584,
        "median": 1.7094365358352661,
        "min": 1.6218235492706299,
        "max": 1.9263381958007812,
        "std_dev": 0.07691092110630005
    },
    "Context Length: 256, D: 10": {
        "average": 2.844770109653473,
        "median": 2.833809494972229,
        "min": 2.67537522315979,
        "max": 3.2208127975463867,
        "std_dev": 0.10000245800195542
    },
    "Context Length: 256, D: 20": {
        "average": 5.14678535938263,
        "median": 5.144433617591858,
        "min": 4.854205369949341,
        "max": 5.803482294082642,
        "std_dev": 0.12695146554125916
    },
    "Context Length: 256, D: 50": {
        "average": 11.422806997299194,
        "median": 11.481123566627502,
        "min": 10.584224462509155,
        "max": 13.19832730293274,
        "std_dev": 0.4092583346815451
    },
    "Context Length: 256, D: 100": {
        "average": 24.314885556697845,
        "median": 24.54449439048767,
        "min": 21.993442058563232,
        "max": 34.13752603530884,
        "std_dev": 1.3361917754911572
    },
    "Context Length: 512, D: 1": {
        "average": 1.0197441601753234,
        "median": 1.0043402910232544,
        "min": 0.9624133110046387,
        "max": 1.1553730964660645,
        "std_dev": 0.044955671034321014
    },
    "Context Length: 512, D: 2": {
        "average": 1.4103139901161195,
        "median": 1.398138403892517,
        "min": 1.3409695625305176,
        "max": 1.6057708263397217,
        "std_dev": 0.060050233928628474
    },
    "Context Length: 512, D: 5": {
        "average": 2.8063539910316466,
        "median": 2.7855080366134644,
        "min": 2.6335790157318115,
        "max": 3.0508615970611572,
        "std_dev": 0.09495497392195205
    },
    "Context Length: 512, D: 10": {
        "average": 5.059013421535492,
        "median": 5.048081159591675,
        "min": 4.8742356300354,
        "max": 5.347491025924683,
        "std_dev": 0.09553468027492465
    },
    "Context Length: 512, D: 20": {
        "average": 9.559670059680938,
        "median": 9.573159337043762,
        "min": 9.208938598632812,
        "max": 9.822777271270752,
        "std_dev": 0.11172771081133735
    },
    "Context Length: 512, D: 50": {
        "average": 23.71288812637329,
        "median": 23.707911372184753,
        "min": 23.2834894657135,
        "max": 24.660836696624756,
        "std_dev": 0.23129148276686673
    },
    "Context Length: 512, D: 100": {
        "average": 48.17463639497757,
        "median": 48.521085262298584,
        "min": 41.74820256233215,
        "max": 52.307470083236694,
        "std_dev": 1.5598580539645734
    }
}