{
    "Context Length: 32, D: 1": {
        "average": 0.028266427516937257,
        "median": 0.027254462242126465,
        "min": 0.02598714828491211,
        "max": 0.040378570556640625,
        "std_dev": 0.002816852365766517
    },
    "Context Length: 32, D: 2": {
        "average": 0.030846197605133057,
        "median": 0.030101656913757324,
        "min": 0.028124332427978516,
        "max": 0.0483551025390625,
        "std_dev": 0.003100573932592191
    },
    "Context Length: 32, D: 5": {
        "average": 0.031181857585906983,
        "median": 0.029508590698242188,
        "min": 0.028363704681396484,
        "max": 0.04908895492553711,
        "std_dev": 0.0041180996649831485
    },
    "Context Length: 32, D: 10": {
        "average": 0.03455029487609863,
        "median": 0.03113996982574463,
        "min": 0.02820277214050293,
        "max": 0.05914759635925293,
        "std_dev": 0.0070704316476049404
    },
    "Context Length: 32, D: 20": {
        "average": 0.03083839178085327,
        "median": 0.029979944229125977,
        "min": 0.0285184383392334,
        "max": 0.043847084045410156,
        "std_dev": 0.002545285422022972
    },
    "Context Length: 32, D: 50": {
        "average": 0.030197896957397462,
        "median": 0.029271960258483887,
        "min": 0.02793741226196289,
        "max": 0.04529213905334473,
        "std_dev": 0.0025256583746544534
    },
    "Context Length: 32, D: 100": {
        "average": 0.043345704078674316,
        "median": 0.04247283935546875,
        "min": 0.04015088081359863,
        "max": 0.05462503433227539,
        "std_dev": 0.0028256962807407804
    },
    "Context Length: 64, D: 1": {
        "average": 0.029313068389892578,
        "median": 0.028277039527893066,
        "min": 0.026845216751098633,
        "max": 0.04122471809387207,
        "std_dev": 0.0028415360061342042
    },
    "Context Length: 64, D: 2": {
        "average": 0.030426387786865235,
        "median": 0.029517531394958496,
        "min": 0.028352022171020508,
        "max": 0.0442349910736084,
        "std_dev": 0.0025405729112927523
    },
    "Context Length: 64, D: 5": {
        "average": 0.031003177165985107,
        "median": 0.029463529586791992,
        "min": 0.02824854850769043,
        "max": 0.04856085777282715,
        "std_dev": 0.0034981988730181926
    },
    "Context Length: 64, D: 10": {
        "average": 0.03583879470825195,
        "median": 0.03480398654937744,
        "min": 0.0283052921295166,
        "max": 0.061310768127441406,
        "std_dev": 0.006845207999533177
    },
    "Context Length: 64, D: 20": {
        "average": 0.030852856636047362,
        "median": 0.030023694038391113,
        "min": 0.02870464324951172,
        "max": 0.046384572982788086,
        "std_dev": 0.0028218453079926513
    },
    "Context Length: 64, D: 50": {
        "average": 0.031496970653533934,
        "median": 0.030579566955566406,
        "min": 0.028494596481323242,
        "max": 0.04408836364746094,
        "std_dev": 0.0028442348170986433
    },
    "Context Length: 64, D: 100": {
        "average": 0.05473422527313233,
        "median": 0.0546497106552124,
        "min": 0.051587581634521484,
        "max": 0.06154823303222656,
        "std_dev": 0.0015778182124412709
    },
    "Context Length: 128, D: 1": {
        "average": 0.028984663486480714,
        "median": 0.027873992919921875,
        "min": 0.026856422424316406,
        "max": 0.041432857513427734,
        "std_dev": 0.0027269855533246555
    },
    "Context Length: 128, D: 2": {
        "average": 0.030510826110839842,
        "median": 0.029133319854736328,
        "min": 0.028247594833374023,
        "max": 0.04884648323059082,
        "std_dev": 0.003436577108337294
    },
    "Context Length: 128, D: 5": {
        "average": 0.03350712537765503,
        "median": 0.03157484531402588,
        "min": 0.028368473052978516,
        "max": 0.05075478553771973,
        "std_dev": 0.00532155935091684
    },
    "Context Length: 128, D: 10": {
        "average": 0.03324790716171264,
        "median": 0.029760241508483887,
        "min": 0.027830839157104492,
        "max": 0.05112791061401367,
        "std_dev": 0.0065896207219697045
    },
    "Context Length: 128, D: 20": {
        "average": 0.03111872911453247,
        "median": 0.02961254119873047,
        "min": 0.02856922149658203,
        "max": 0.041686058044433594,
        "std_dev": 0.0029339170718874767
    },
    "Context Length: 128, D: 50": {
        "average": 0.04574402332305908,
        "median": 0.04545748233795166,
        "min": 0.043128252029418945,
        "max": 0.05896902084350586,
        "std_dev": 0.0019760593341430596
    },
    "Context Length: 128, D: 100": {
        "average": 0.10163291454315186,
        "median": 0.09108519554138184,
        "min": 0.0875082015991211,
        "max": 0.2149367332458496,
        "std_dev": 0.02235832241297661
    },
    "Context Length: 256, D: 1": {
        "average": 0.034438512325286864,
        "median": 0.03394889831542969,
        "min": 0.026318073272705078,
        "max": 0.057683467864990234,
        "std_dev": 0.006589363288647203
    },
    "Context Length: 256, D: 2": {
        "average": 0.030650458335876464,
        "median": 0.029416680335998535,
        "min": 0.028354167938232422,
        "max": 0.04078245162963867,
        "std_dev": 0.002641905825169709
    },
    "Context Length: 256, D: 5": {
        "average": 0.031142020225524904,
        "median": 0.02989053726196289,
        "min": 0.028800010681152344,
        "max": 0.04049086570739746,
        "std_dev": 0.0026387085245500575
    },
    "Context Length: 256, D: 10": {
        "average": 0.03205244779586792,
        "median": 0.02969801425933838,
        "min": 0.02867436408996582,
        "max": 0.04941058158874512,
        "std_dev": 0.004606433814304954
    },
    "Context Length: 256, D: 20": {
        "average": 0.03842436790466309,
        "median": 0.037245988845825195,
        "min": 0.03333330154418945,
        "max": 0.054824113845825195,
        "std_dev": 0.004104202635731033
    },
    "Context Length: 256, D: 50": {
        "average": 0.0841931700706482,
        "median": 0.08418774604797363,
        "min": 0.08058404922485352,
        "max": 0.0881338119506836,
        "std_dev": 0.0013448745457635741
    },
    "Context Length: 256, D: 100": {
        "average": 0.1710226559638977,
        "median": 0.1683962345123291,
        "min": 0.1635880470275879,
        "max": 0.25949978828430176,
        "std_dev": 0.013182827276252744
    },
    "Context Length: 512, D: 1": {
        "average": 0.029278855323791503,
        "median": 0.02781224250793457,
        "min": 0.02686023712158203,
        "max": 0.04108619689941406,
        "std_dev": 0.0029246356832641346
    },
    "Context Length: 512, D: 2": {
        "average": 0.03246927976608276,
        "median": 0.03001582622528076,
        "min": 0.028369665145874023,
        "max": 0.048737287521362305,
        "std_dev": 0.00482125780439427
    },
    "Context Length: 512, D: 5": {
        "average": 0.035767848491668704,
        "median": 0.03413212299346924,
        "min": 0.028809070587158203,
        "max": 0.05899381637573242,
        "std_dev": 0.007048118970715873
    },
    "Context Length: 512, D: 10": {
        "average": 0.03585431575775146,
        "median": 0.03560614585876465,
        "min": 0.030008316040039062,
        "max": 0.04803347587585449,
        "std_dev": 0.0024680295814441876
    },
    "Context Length: 512, D: 20": {
        "average": 0.0845167064666748,
        "median": 0.06342005729675293,
        "min": 0.054892778396606445,
        "max": 0.26523804664611816,
        "std_dev": 0.0486376595229879
    },
    "Context Length: 512, D: 50": {
        "average": 0.15071341037750244,
        "median": 0.15059244632720947,
        "min": 0.14800286293029785,
        "max": 0.15580534934997559,
        "std_dev": 0.0013481261091186903
    },